comp,marketcap,ev,evsales,evebitda,revgrowththree,revgrowthttm,epsgrowththree,operatingmarginttm,netmargin,roeTTM,roi
NVDA,336903.1,327997.1,22.40264855632566,58.988602583636236,16.47202,47.50449,20.79226,27.1706,25.89159,17.92415,20.37979
INTC,205719.6,221597.6,2.9734846635396868,6.268512743748907,6.61295,10.91418,30.52446,31.48736,28.10187,15.73098,18.93182
QCOM,178268.2,182910.2,7.894817724774143,24.380672480619612,-0.79554,20.22684,40.21923,25.16573,22.08907,15.16535,20.40672
AVGO,166525.1,194297.1,8.671003632002323,19.320071499127664,19.5054,4.18594,,15.26922,10.70828,3.33277,3.70522
TXN,153002.6,153418.6,11.401809321125258,24.65036819207955,2.46432,-6.88136,14.59839,38.80597,36.23589,27.498,31.09945
AMD,113139.1,112122.1,13.006238325315389,78.47305868551099,16.36331,43.54973,,11.34629,9.99306,14.07625,21.61351
MU,81098.74,79599.74,3.7587287210793474,9.250093728654969,1.79326,-8.42092,-18.63094,14.19641,12.61022,5.2708,6.10482
MCHP,37556.66,46635.86,8.90927024388403,23.693778364552337,15.67171,-2.45857,45.26749,12.63329,11.6224,3.51262,4.02371
MRVL,29653.25,30444.67,10.606619818527836,64.49408110355985,5.46407,5.95913,153.0747,-12.84804,51.19301,13.99883,15.32039
